situationoeil,timestamp,emotionsResentis,arousal,valence,personne_id,tableau
false,32709,Calme,-1,2,0,0
false,52907,Peur,1,-1,0,1
false,107493,Calme,-2,1,0,2
false,122616,Calme,-1,1,0,3
false,135874,Peur,2,-1,0,4
undefined,148903,Tristesse,-1,0,0,5
undefined,163437,Calme,-2,2,0,6
undefined,175818,Joie,-1,1,0,7
undefined,188958,Calme,-2,0,0,8
undefined,200104,Peur,1,-2,0,9
undefined,220689,Joie,1,1,0,10
undefined,231638,Tristesse,-2,-2,0,11
undefined,241465,Joie,-1,1,0,12
undefined,253309,Peur,1,-2,0,13
undefined,263744,Peur,1,-2,0,14
undefined,277401,Tristesse,-2,-1,0,15
undefined,289792,Calme,-1,2,0,16
undefined,301889,Peur,2,-2,0,17
undefined,311993,Tristesse,-1,-1,0,18
undefined,322951,Calme,0,0,0,19
false,35112,Calme,-1,2,1,0
false,49639,Peur,1,-1,1,1
false,65316,Joie,1,2,1,2
false,78163,Tristesse,-1,-1,1,3
false,89783,Peur,1,-1,1,4
undefined,105980,Calme,-1,1,1,5
undefined,120940,Calme,-1,1,1,6
undefined,135235,Peur,1,-1,1,7
undefined,160272,Joie,2,2,1,8
undefined,173314,Peur,2,-2,1,9
undefined,188830,Peur,2,-2,1,10
undefined,199631,Tristesse,-1,-2,1,11
undefined,220554,Tristesse,-1,-2,1,12
undefined,230908,Peur,1,-2,1,13
undefined,243661,Peur,1,-2,1,14
undefined,255884,Tristesse,-1,-2,1,15
undefined,270053,Joie,2,2,1,16
undefined,280386,Peur,1,-1,1,17
undefined,294717,Peur,1,-1,1,18
undefined,306586,Joie,2,2,1,19
false,35424,Calme,0,0,2,0
false,122301,Joie,2,2,2,1
false,139095,Calme,1,1,2,2
false,156872,Calme,1,1,2,3
false,173579,Calme,-1,0,2,4
undefined,214778,Peur,1,0,2,5
undefined,233989,Calme,1,1,2,6
undefined,248276,Tristesse,2,-1,2,7
undefined,266590,Joie,2,2,2,8
undefined,280697,Peur,1,-1,2,9
undefined,301132,Peur,1,0,2,10
undefined,326167,Tristesse,-1,0,2,11
undefined,346859,Calme,0,0,2,12
undefined,361196,Tristesse,-1,-1,2,13
undefined,378025,Tristesse,1,-1,2,14
undefined,394396,Calme,0,1,2,15
undefined,406958,Calme,1,2,2,16
undefined,425088,Peur,1,0,2,17
undefined,447384,Tristesse,1,-1,2,18
undefined,465046,Joie,1,1,2,19
false,34914,Calme,0,1,3,0
true,74036,Peur,1,-2,3,1
false,95612,Joie,0,1,3,2
false,116057,Tristesse,-1,-1,3,3
false,148336,Peur,1,-2,3,4
undefined,165169,Tristesse,0,-2,3,5
undefined,178671,Calme,0,1,3,6
undefined,197129,Joie,-1,0,3,7
undefined,222599,Calme,0,1,3,8
undefined,237704,Peur,2,-2,3,9
undefined,252467,Joie,1,2,3,10
undefined,264668,Tristesse,1,-2,3,11
undefined,281131,Joie,0,1,3,12
undefined,295450,Peur,1,-1,3,13
undefined,309361,Peur,1,-2,3,14
undefined,325868,Calme,0,1,3,15
undefined,337818,Calme,1,2,3,16
undefined,351464,Tristesse,1,0,3,17
undefined,368641,Tristesse,1,-2,3,18
undefined,383021,Joie,1,2,3,19
false,33763,Calme,0,1,4,0
false,62626,Tristesse,0,-1,4,1
false,95047,Calme,-1,1,4,2
false,116524,Tristesse,0,-1,4,3
false,137270,Peur,1,0,4,4
undefined,156000,Tristesse,0,0,4,5
undefined,178631,Calme,1,1,4,6
undefined,197437,Calme,-1,0,4,7
undefined,222962,Joie,1,1,4,8
undefined,242000,Peur,2,-2,4,9
undefined,259890,Joie,1,1,4,10
undefined,273232,Tristesse,1,-2,4,11
undefined,288833,Calme,-1,0,4,12
undefined,303119,Peur,1,-1,4,13
undefined,318763,Tristesse,-1,-1,4,14
undefined,332529,Calme,-1,1,4,15
undefined,347239,Calme,-1,1,4,16
undefined,360575,Peur,2,-2,4,17
undefined,377063,Tristesse,0,-1,4,18
undefined,393871,Calme,0,1,4,19
false,34077,Calme,0,1,5,0
false,75896,Tristesse,1,-1,5,1
false,98194,Calme,-1,0,5,2
false,112069,Calme,-2,0,5,3
false,130674,Peur,-1,0,5,4
undefined,156413,Calme,-2,0,5,5
undefined,167839,Calme,-1,0,5,6
undefined,186067,Calme,-1,0,5,7
undefined,199792,Calme,-1,0,5,8
undefined,216368,Peur,0,-1,5,9
undefined,229728,Joie,-1,1,5,10
undefined,247429,Tristesse,-1,-1,5,11
undefined,266258,Joie,-1,1,5,12
undefined,277096,Tristesse,0,-1,5,13
undefined,289543,Peur,0,-1,5,14
undefined,301852,Calme,-2,0,5,15
undefined,314021,Calme,-1,0,5,16
undefined,325432,Peur,0,-1,5,17
undefined,347685,Calme,-2,0,5,18
undefined,360075,Joie,0,1,5,19
false,39362,Calme,0,1,6,0
false,58997,Joie,0,0,6,1
false,77261,Calme,1,2,6,2
true,92727,Tristesse,0,0,6,3
false,145850,Peur,1,0,6,4
undefined,158656,Calme,-1,0,6,5
undefined,176696,Calme,2,2,6,6
undefined,187634,Joie,-1,0,6,7
undefined,207489,Joie,0,0,6,8
undefined,224791,Peur,1,-2,6,9
undefined,237480,Joie,1,1,6,10
undefined,248293,Tristesse,1,-2,6,11
undefined,263915,Calme,0,1,6,12
undefined,273681,Tristesse,1,-1,6,13
undefined,285392,Peur,2,-2,6,14
undefined,304444,Tristesse,0,-1,6,15
undefined,317607,Calme,1,2,6,16
undefined,331994,Peur,0,0,6,17
undefined,344969,Tristesse,1,-1,6,18
undefined,355951,Joie,1,1,6,19
false,34118,Calme,1,1,7,0
true,71468,Peur,1,-1,7,1
true,102461,Calme,-1,0,7,2
true,129418,Tristesse,-1,0,7,3
false,151546,Peur,1,-1,7,4
undefined,173626,Tristesse,-2,0,7,5
undefined,199717,Tristesse,-1,0,7,6
undefined,222781,Calme,-2,0,7,7
undefined,239529,Joie,0,1,7,8
undefined,259557,Peur,0,-1,7,9
undefined,277822,Joie,1,1,7,10
undefined,294118,Tristesse,-1,-1,7,11
undefined,319487,Calme,1,1,7,12
undefined,333931,Tristesse,1,-1,7,13
undefined,349247,Peur,1,-1,7,14
undefined,368557,Calme,1,1,7,15
undefined,384284,Calme,0,1,7,16
undefined,401799,Peur,0,-1,7,17
undefined,419141,Tristesse,1,-1,7,18
undefined,435377,Calme,1,1,7,19
false,36110,Peur,-2,0,8,0
false,87925,Joie,0,0,8,1
true,124382,Tristesse,-2,0,8,2
false,140137,Tristesse,-2,0,8,3
false,153696,Tristesse,-2,0,8,4
undefined,170209,Calme,0,0,8,5
undefined,182362,Tristesse,-2,0,8,6
undefined,197714,Tristesse,0,0,8,7
undefined,209722,Joie,0,0,8,8
undefined,227410,Calme,0,0,8,9
undefined,244265,Tristesse,0,0,8,10
undefined,256447,Tristesse,0,0,8,11
undefined,272400,Tristesse,-2,0,8,12
undefined,286348,Tristesse,-2,0,8,13
undefined,300595,Tristesse,-2,0,8,14
undefined,316176,Calme,-2,0,8,15
undefined,329686,Joie,0,0,8,16
undefined,340888,Calme,-2,0,8,17
undefined,354029,Joie,-2,0,8,18
undefined,369000,Joie,-1,1,8,19
false,46687,Calme,0,1,9,0
false,113740,Calme,0,0,9,1
false,167337,Joie,0,1,9,2
false,204032,Tristesse,0,-1,9,3
false,231753,Peur,-1,0,9,4
undefined,250329,Calme,0,0,9,5
undefined,268440,Calme,1,1,9,6
undefined,281902,Tristesse,-1,0,9,7
undefined,302128,Joie,0,0,9,8
undefined,323132,Tristesse,0,0,9,9
undefined,343718,Joie,1,1,9,10
undefined,356460,Tristesse,0,0,9,11
undefined,372576,Calme,1,1,9,12
undefined,387012,Peur,-1,0,9,13
undefined,404728,Peur,-1,-1,9,14
undefined,426871,Joie,0,1,9,15
undefined,441071,Calme,0,1,9,16
undefined,457415,Peur,0,0,9,17
undefined,473827,Tristesse,0,0,9,18
undefined,489264,Joie,0,1,9,19
false,34751,Calme,-1,1,10,0
false,92312,Joie,1,0,10,1
false,148287,Calme,0,2,10,2
false,180607,Tristesse,-1,-1,10,3
false,215706,Joie,0,2,10,4
undefined,236203,Tristesse,-1,-2,10,5
undefined,260618,Calme,1,1,10,6
undefined,282111,Joie,-1,0,10,7
undefined,309001,Calme,-1,1,10,8
undefined,337445,Peur,1,-2,10,9
undefined,366862,Joie,2,2,10,10
undefined,387969,Tristesse,0,-1,10,11
undefined,411178,Calme,0,0,10,12
undefined,433855,Peur,1,-1,10,13
undefined,456937,Tristesse,1,-1,10,14
undefined,481998,Tristesse,-1,-1,10,15
undefined,501192,Calme,1,1,10,16
undefined,521503,Joie,1,2,10,17
undefined,539499,Tristesse,0,-1,10,18
undefined,564710,Calme,1,1,10,19
false,40009,Calme,-1,1,11,0
true,75710,Joie,1,1,11,1
false,140625,Calme,-2,0,11,2
false,164235,Tristesse,-1,-1,11,3
false,180724,Joie,1,0,11,4
undefined,222681,Tristesse,-1,0,11,5
undefined,251590,Tristesse,-1,-1,11,6
undefined,276079,Calme,0,1,11,7
undefined,293559,Calme,0,1,11,8
undefined,310349,Peur,1,-2,11,9
undefined,329650,Joie,1,1,11,10
undefined,365974,Tristesse,0,-1,11,11
undefined,386836,Calme,0,-1,11,12
undefined,406234,Peur,1,-2,11,13
undefined,427916,Peur,2,-2,11,14
undefined,445520,Calme,-2,-1,11,15
undefined,468682,Calme,0,0,11,16
undefined,489552,Peur,2,-1,11,17
undefined,507874,Tristesse,0,-1,11,18
undefined,523659,Calme,0,1,11,19
false,79175,Calme,0,1,12,0
true,129065,Peur,1,0,12,1
false,174503,Calme,-1,1,12,2
false,190611,Tristesse,0,0,12,3
false,218385,Peur,1,0,12,4
undefined,238557,Tristesse,0,-1,12,5
undefined,257754,Calme,0,1,12,6
undefined,276786,Tristesse,1,-1,12,7
undefined,302581,Calme,0,1,12,8
undefined,323219,Peur,1,-1,12,9
undefined,336205,Calme,-1,1,12,10
undefined,369202,Peur,1,-1,12,11
undefined,387952,Calme,0,1,12,12
undefined,401917,Peur,1,-1,12,13
undefined,414518,Peur,1,-1,12,14
undefined,431963,Tristesse,1,-1,12,15
undefined,445534,Tristesse,0,-1,12,16
undefined,458250,Peur,1,-1,12,17
undefined,469005,Peur,1,-1,12,18
undefined,481446,Tristesse,0,-1,12,19
false,33768,Calme,1,1,13,0
true,95267,Tristesse,2,-1,13,1
false,124319,Calme,1,1,13,2
true,145438,Tristesse,2,-1,13,3
false,168797,Peur,0,0,13,4
undefined,193402,Tristesse,0,-1,13,5
undefined,222777,Tristesse,0,0,13,6
undefined,243568,Tristesse,1,-1,13,7
undefined,260213,Tristesse,1,-1,13,8
undefined,282269,Peur,1,-2,13,9
undefined,303916,Joie,1,-1,13,10
undefined,338804,Tristesse,1,-1,13,11
undefined,358241,Tristesse,0,-1,13,12
undefined,379036,Peur,2,-1,13,13
undefined,402336,Tristesse,2,-2,13,14
undefined,420176,Tristesse,0,-1,13,15
undefined,433474,Calme,0,0,13,16
undefined,456519,Peur,1,-1,13,17
undefined,470288,Tristesse,1,-1,13,18
undefined,487414,Joie,2,1,13,19
false,36904,Calme,-1,2,14,0
true,75077,Peur,0,-1,14,1
false,112764,Calme,-2,0,14,2
false,130962,Tristesse,-1,0,14,3
false,149128,Peur,2,-2,14,4
undefined,168466,Tristesse,-2,0,14,5
undefined,186350,Tristesse,1,-1,14,6
undefined,206789,Tristesse,-2,-1,14,7
undefined,230042,Joie,-2,1,14,8
undefined,252052,Peur,1,-2,14,9
undefined,278757,Joie,1,1,14,10
undefined,298674,Peur,2,-2,14,11
undefined,320251,Calme,-1,1,14,12
undefined,339189,Peur,1,-1,14,13
undefined,355457,Peur,-2,-1,14,14
undefined,373256,Tristesse,0,0,14,15
undefined,390115,Calme,-2,0,14,16
undefined,409219,Peur,1,-1,14,17
undefined,430299,Tristesse,1,-1,14,18
undefined,453051,Joie,2,2,14,19
