EDA_mean,EDA_std,PPG_GRN_mean,PPG_GRN_std,PPG_IR_mean,PPG_IR_std,PPG_RED_mean,PPG_RED_std,TEMP1_mean,TEMP1_std,PPG_RED_HR_mean,PPG_RED_HR_std,PPG_RED_IBI_mean,PPG_RED_IBI_std,PPG_IR_HR_mean,PPG_IR_HR_std,PPG_IR_IBI_mean,PPG_IR_IBI_std,PPG_GRN_HR_mean,PPG_GRN_HR_std,PPG_GRN_IBI_mean,PPG_GRN_IBI_std,PPG_RED_brut_mean,PPG_RED_brut_std,PPG_IR_brut_mean,PPG_IR_brut_std,PPG_GRN_brut_mean,PPG_GRN_brut_std,TEMP1_brut_mean,TEMP1_brut_std,PPG_RED_HR_brut_mean,PPG_RED_HR_brut_std,PPG_GRN_HR_brut_mean,PPG_GRN_HR_brut_std,PPG_IR_HR_brut_mean,PPG_IR_HR_brut_std,PPG_RED_IBI_brut_mean,PPG_RED_IBI_brut_std,PPG_GRN_IBI_brut_mean,PPG_GRN_IBI_brut_std,PPG_IR_IBI_brut_mean,PPG_IR_IBI_brut_std,valence,arousal
1.9955565274598845,0.0698246763122511,5323.967538125638,7.383386018121248,181994.46171262756,159.1132864522295,96693.05540042026,37.920130314740156,33.11177482792775,0.1690124232634533,181.2208207049027,1.0516909661849887,0.3311734274101694,0.002101031290959924,177.5745247633338,11.207219441246462,0.3403978155245893,0.029956367566424273,181.41363181768727,0.7510081432965869,0.33079822110820745,0.0015127524447736142,96693.88548525622,40.37563532208061,181997.0686695279,166.93943839042961,5324.178554377925,9.516425250684291,33.125003742721844,0.17529071673621602,181.32393917536527,2.562673124134903,181.4945995017948,2.1559659909600506,179.3986122154571,9.546753612819892,0.3309717760776931,0.0051404488696895345,0.33063955934552874,0.004331824118362897,0.3357503490219368,0.024741284475676383,0,0
2.1618845651138203,0.017457638993029972,5368.960608560445,3.8435606543044485,182513.00503163072,69.73584961279357,96902.75661656259,18.13002086107748,33.430248471431135,0.030839712509570127,177.32385746613878,2.6393774176623204,0.33902886839339247,0.005323003956706955,179.62701212209373,1.5113684612224865,0.3343377323671343,0.002999733516954326,178.0115891042706,2.9197312831570468,0.3378946691610237,0.00612842716327708,96906.07768361582,25.19511595815221,182504.0031779661,100.0439882040996,5369.153954802259,6.752133315235336,33.453182220458984,0.04779188649872877,178.61338640739316,6.748204575282403,179.0031833496332,7.574672549050933,180.45436509004602,4.364271678747989,0.3364144115470565,0.013581673412950161,0.33583691999875015,0.015945539077422154,0.33269547954984857,0.008728303695618174,-1,1
2.541059614696542,0.005408495666959337,5372.679336845896,3.662881073875534,182522.08200432252,62.53640479514788,97111.34348914419,5.8117249119054035,34.05337474198454,0.04251610721507623,181.65515336913816,0.15101719816860942,0.3303034594947856,0.0002753621444123555,177.06835454953443,5.092657021895211,0.3399856819478235,0.010883062069084893,181.40534464859823,0.5879482817746757,0.33081672757183894,0.0011631548899172619,97111.81651510707,9.227366430545537,182528.15605749487,74.81100337241837,5372.933607118412,7.458700803994243,34.082325077056886,0.055882498514114295,181.7028673405246,0.44931374806983443,181.81818181818184,2.8943252187748134e-14,178.7245982072592,8.352874596853889,0.33021139999971755,0.0008238096241465857,0.33,0.0,0.3365090610956153,0.018071898335520295,1,1
2.591541316499354,0.011827474687189294,5349.194021721168,2.9162284521917674,182496.29882458146,38.10910621522487,97052.66622983146,5.873304502396659,34.39792976455577,0.019749078876990303,181.66329331907272,0.1680885800452593,0.3302847177213097,0.0003090425642451772,178.15551994284698,3.3982887942079327,0.33739658121057553,0.006894131495466307,180.8485599589701,1.192044061901141,0.3319460340893387,0.002409189784899488,97052.88370216689,11.678018097467916,182497.10995850622,68.84440431330648,5349.191962601713,7.8586368889549405,34.40986103481717,0.058564101749785435,181.65847969304085,0.5677630938012974,181.08697022464185,3.459350080737552,178.54016205753254,7.18122698584875,0.3302932666642591,0.0010434339969742675,0.33146095713833346,0.006973385847995841,0.33662118946398173,0.014769720955293083,-1,-1
2.6380547108759442,0.005706045519763426,5342.771363756548,3.041785526643064,182548.3357728097,50.52553338757273,97057.20513559383,7.611765324705782,34.65657257657025,0.02653131161933908,181.57123370637856,0.341753288835693,0.33048130870968995,0.0006660866255697857,180.36772970580583,2.190634242762339,0.33280903452291294,0.004256542119329208,180.61668218246717,1.4551889107644178,0.3323782447000553,0.0029319002837789967,97056.77656042496,12.321907076464177,182549.1235059761,74.54763102056059,5342.855976095618,6.805648970845472,34.66041036752554,0.0618575899665012,181.8181818181818,0.0,180.82082508846415,3.836753369898182,180.6155906141241,3.796040785520323,0.33,0.0,0.3319782516171014,0.007699813923750618,0.3323455342005841,0.007449211218953612,-1,-1
2.6765713862543117,0.006113540836987831,5337.5401042374815,3.163676265917809,182582.71827730004,34.63495142734975,97054.16755382855,5.647803774370638,34.80340633116437,0.011318824975571573,181.5854265712567,0.18155744757108536,0.33044520007784345,0.0003523417871815984,181.17014801695458,0.26328773567875613,0.33118598297853025,0.0004834137107283873,181.11581522362263,0.7784443557860183,0.33141131185149486,0.0015730109611648314,97054.28243727598,11.139888265625968,182584.72150537634,67.25489006020355,5337.531541218638,6.079363096786189,34.805421126516244,0.05113297753880591,181.68055750232216,0.4961894920239244,181.1801659637953,3.2082569351886296,181.17204966723517,0.8320135295039836,0.3302523703659298,0.0009099069999964935,0.3312726225833138,0.006451268315223943,0.3311835150919883,0.0015276396691104215,-1,-1
2.7504799602007624,0.0055060267194762865,5330.285140218537,4.250075030472862,182585.00063440902,71.17948928248693,97036.01456327728,9.29676559771346,34.906972546711955,0.028620785777759727,178.4107369842289,1.9369903887490036,0.3370412141056116,0.004001138485129966,178.59207177550542,4.22458042316073,0.33688679533215693,0.009039232323324006,181.81763521980864,0.0007397363874257156,0.33000102254375585,1.3838548760301438e-06,97036.7098124098,13.632056709959242,182590.13232323233,93.55412238339706,5330.38556998557,7.820843928986079,34.92037809217298,0.05617332538341856,179.44036453681719,7.318413911606442,181.8181818181818,0.0,180.79597504002186,4.571447686053591,0.33498177930841166,0.015471351959018123,0.33,0.0,0.33209034999506554,0.009348329371465524,1,-1
2.803232259250113,0.005863313143792359,5327.2257240277895,2.9776141448147166,182692.9218655092,64.38691187160532,97034.07020612674,8.412544674052814,35.06935125723932,0.017171308632994833,181.34562745422076,0.3308944684316881,0.3308679449952318,0.0006085209545001601,181.81047796942508,0.01223409840703653,0.33001424059513773,2.2614779675905083e-05,180.25619200692933,1.3609637663130765,0.3331334793980986,0.0027769252852475317,97034.93805803571,12.986459723392967,182700.0502232143,88.91482007311903,5327.483258928572,6.454720737172508,35.0663527320413,0.05560875305608006,181.3972373671232,0.8829031928785379,180.85442290499694,3.822589665745584,181.8181818181818,0.0,0.33077335000908736,0.0016244773505761701,0.3319160851970729,0.007741965597784614,0.33,0.0,-1,-1
2.8822460577881057,0.004274231358004873,5321.15181845399,2.709510265710204,182704.73021754163,55.84493481956933,97029.3464821338,8.477817419971725,35.16114302316453,0.04086407361192671,181.653199166766,0.1392275120714923,0.3303169245132986,0.0002665287750743159,179.76662095023468,2.738321250593185,0.33403451141950474,0.005395648714047299,181.74952859102135,0.07855050025358855,0.330126938840064,0.00014447888630622621,97030.13945396146,13.588218161092056,182708.7237687366,86.03252036217354,5321.134903640257,6.59702447190478,35.178138732910156,0.07164249280075878,181.72917760256564,0.4793023696229062,181.73010890473984,0.33087524161465054,181.5707524357118,1.049753965256207,0.3301638689633973,0.0008824613746685803,0.33016099310608515,0.0006048639313231097,0.3304603611088048,0.0019531467709823316,-1,-1
2.9166694465345855,0.0029977853098330925,5325.708115502398,3.365479152823238,182885.07940227873,69.91443532390636,97064.72106156267,10.795570676099993,35.30716333286025,0.0387163217602193,181.62268290839418,0.21646136215953957,0.3303652206803566,0.0004015252115553984,178.0314499342373,2.544371795277043,0.33773893458686144,0.005446752727528423,181.7633112328547,0.06653398481311185,0.3301004096297182,0.00012174793114863133,97065.22746781116,13.637666378228328,182889.90128755366,86.2907035281206,5325.8386981402,6.318970674013436,35.341471054974726,0.08165135039241501,181.71552988051226,0.562247818332631,181.76555204819857,0.2784905658685751,177.62653927528987,8.919283859416547,0.3301895233315105,0.0010380620384184331,0.3300963035714813,0.0005095906010134771,0.3386739361191738,0.018699124898302784,1,1
2.992676052457488,0.004370638428767591,5323.244748083611,4.212950513792274,182926.3868698063,71.7826217409006,97043.18452238038,6.6634387946369085,35.51951381712655,0.02868380061312671,181.61750558089142,0.12396705159664527,0.33038507731440375,0.00023863666965642804,167.55762887206544,12.843221048761897,0.36354776953950435,0.0309397635186786,181.68423461885916,0.15186988127843348,0.33024508800624486,0.0002779177427580603,97043.15298507463,12.021622334287658,182929.9712153518,92.19293315217297,5323.23492232714,7.573174463964952,35.52765806097733,0.06031232362450012,181.72577240982963,0.3653266355041935,181.65678000033043,0.48640080012896564,165.70186812311726,21.03922967470482,0.3301691068994716,0.0006690052250326623,0.33029550184737205,0.0008909633664752831,0.36820095155679156,0.05139815017391824,1,-1
3.065916887549467,0.01581363588244603,5318.134641694446,2.917949847284285,182987.89724518065,49.383200812538675,97033.04206018739,6.412516698771147,35.58503133800694,0.019837672574480693,181.04338967138466,0.6787316048022474,0.33150863552931054,0.001333684234362841,181.19506253634222,0.8265854596680725,0.33124197045687853,0.0016531749629990198,180.2428458462386,1.2451325519309693,0.3331227815702982,0.0024892033350109614,97033.51250880903,12.636425246265206,182992.8065539112,77.08425835741792,5318.298361522198,6.49507413945881,35.59234281267439,0.05354261470662025,181.07039776063365,3.074809168194947,180.49391101824304,4.265295887909014,181.7955562009505,0.06983697986366819,0.33146220356392275,0.006069509649195862,0.332614468970047,0.008472207360716544,0.33004111665611474,0.00012692607029018656,-1,-1
3.1694875547364982,0.008100446742866979,5315.977576927232,2.410509415308454,183003.7165252679,50.245386960123696,97015.52438285438,7.394893944460263,35.75964044887303,0.039773338804863285,178.96777029882855,3.573868465970365,0.3360736228288858,0.007835880594726652,178.4329240232762,4.6622540118019185,0.337172863081869,0.00991831867075336,181.69849552276355,0.0915554883052794,0.33021912463460945,0.00016770663783100058,97015.57457983193,13.174162743168404,183004.88235294117,80.88784903259487,5315.95693277311,6.630820587229945,35.782696695038766,0.06318694156580967,179.86769747708075,6.837858105702127,181.71112160332208,0.39801342476689217,178.9257082099425,8.286433328256088,0.33412030356137884,0.014791704498960896,0.3301959678620499,0.0007286876105940032,0.33610280625522143,0.01770320360178446,-1,-1
3.206875122758869,0.0022078876214301417,5312.284148039816,2.64239096970316,182998.25850271736,38.88409927362701,97019.73570820651,6.665818846555571,35.83615434243341,0.016035951932483507,181.07438114646231,0.9168433097380625,0.3314625721926435,0.00183057118251874,178.74396678236036,2.6142830787123628,0.33601615745654334,0.005138537474272295,180.89157811938782,0.7600977590623664,0.33181117531802146,0.0015352263480906624,97020.19168684423,13.480874023872898,183000.57309322033,76.74675832463898,5312.137938861986,7.554986494246341,35.840264937456915,0.05059138977726616,180.9379927326407,3.4564243048878707,180.75695323478553,3.542300167500866,179.57136466844355,5.152877652322537,0.3317327115484155,0.006936515329501841,0.33207151923382366,0.007116935597743747,0.33440744264571765,0.010314702734621565,-1,-1
3.2540556710662574,0.008734837805182359,5310.435857321587,2.5376710347000815,183109.9987758972,40.8120937110928,97028.98202434296,7.674580741338564,36.013560614333024,0.01126801286593056,179.80134251781746,2.298552356821013,0.3341013289760184,0.004696622489751238,170.9443007113296,11.638414605695255,0.354477488096742,0.026728834229392682,181.6373559462295,0.20982915935668492,0.330337559387091,0.00039105973765467755,97029.41266464033,13.674482660377931,183112.5510638298,74.72900736356445,5310.378085106383,5.936841952119241,36.021028246198384,0.05085970544406577,180.54981741967524,4.883006812158044,181.75195303353834,0.3627499930541391,172.4934631283463,15.513683289767739,0.33257951785777035,0.010021900012177653,0.33012153332990907,0.0006656654627990176,0.3508646583368278,0.035688899914980546,-1,-1
3.3199989029339383,0.007835654819260528,5308.022070328521,2.3911889678251503,183194.99388410777,44.87969755889682,97012.98203601562,5.137921694610067,36.070999630403094,0.01956537473656189,181.58631425143236,0.1923388381283327,0.3304286324625601,0.0003506067203683612,180.19930295759926,1.5382293197815204,0.33321846331206917,0.0031536381563744427,180.94601066440953,1.0243699513276778,0.3317215250125574,0.0020409513626912647,97013.1523153753,11.369038995364672,183199.52012711865,73.50599751270161,5307.847457627118,5.958644379119146,36.07332456434095,0.05770844821296985,181.6918773953629,0.4569329590255325,181.14966005780389,3.133361186457239,180.2628720088776,4.832626952791455,0.33023142962957974,0.0008373102658075813,0.331321503853497,0.006232731651469677,0.3330960205879392,0.009860811429482457,-1,-1
3.383093526197034,0.008561535011902011,5302.260516462442,2.526183810438249,183157.59337280563,47.24111677081996,96980.18461707814,7.609093991029076,36.17469226379513,0.03321702166597337,181.61797764739185,0.1934852909436748,0.33036757417236007,0.0003552902296175532,179.6426865823469,1.4179079572945936,0.3343248199998305,0.002829328570978479,181.00691532187037,0.9134779278701111,0.3316215572589922,0.0018491006041255033,96981.02411154738,14.521200051984795,183162.1934460888,82.15961732904898,5302.214763918252,6.665889513802436,36.19322880336217,0.06240065325233766,181.734689753651,0.425727666273046,181.11572839480496,3.4030836342934574,179.99737289305145,5.386657373236559,0.3301533692283556,0.0007820326881697896,0.33140468333568424,0.006870721781576255,0.3336473380885132,0.010846926409850447,1,-1
3.445209452694948,0.004095896601518554,5294.87820868836,2.516710320378687,183083.21400735286,58.63091168799403,96961.52246503596,9.821479320308937,36.29134616215442,0.026712296357347717,181.22944305561683,0.7501565284734586,0.3311813745732414,0.0015089273009709818,181.0853260688861,1.1074059929566162,0.33138889722527687,0.002177516457987397,181.2335950721481,0.7437262912200289,0.33117419740546716,0.0014945886351751857,96961.88722341183,17.546883006795536,183085.63597430408,97.9046096885267,5294.849393290508,6.799399643464677,36.299909418279476,0.06367949304183275,181.10095982178512,3.4590005662684407,181.1653410142486,3.392260324999423,180.60024862190446,3.4694490744264788,0.33143459615369253,0.006952513352493649,0.331312111110461,0.0068179293254820895,0.33234904118471187,0.006835851335982067,1,1
3.4949970820675724,0.016234368455575045,5316.757867094654,13.502546585627845,183477.0128066283,192.04768476773424,97026.99680405049,35.866637637950014,36.29702952087475,0.021727647928651905,179.01719886047832,2.225804035684921,0.3358270816579856,0.00461143211042763,178.2528671220639,2.4382932407874445,0.337315673778225,0.00499654377859148,181.0964511417532,0.7231956885550792,0.3313989567991478,0.0014198251558872907,97029.73460144928,36.84270042685411,183482.00652173912,196.48822400950496,5317.472826086957,14.329117753606214,36.30943246789881,0.05804103596104659,179.17640835625153,7.577031687043866,180.89361898714782,3.5033285625220456,177.91822393870757,8.483806703989513,0.33551666297191,0.0159985491669548,0.33181784137152137,0.0070175421700823925,0.33803928421271084,0.01784697500149109,1,-1
3.5490460755977224,0.0045735678781802895,5306.285016540742,3.0049347941906253,183239.4476932038,47.68535876668859,97005.75742576536,6.598395110144424,36.451897720014784,0.018318135930859108,181.70558225754183,0.16841638584437985,0.3302067447083975,0.0003091503244153226,169.70547516036135,8.044142887552063,0.35587085352428893,0.01853769142640786,181.22355891597456,0.43094799178850474,0.3311620977863662,0.0008773124207453941,97005.92198581561,15.46829249477054,183242.95319148936,83.69624343377828,5306.195638297872,7.407511824907738,36.447029674754425,0.05483113952355065,181.74734878127924,0.3814475775104396,181.65401958777667,0.5166193115787076,172.2715537965992,13.31062491107776,0.330130031035635,0.0007002385569367232,0.33030081851925286,0.0009474816662626375,0.3504700750067337,0.030113378230714187,1,1
3.598637431411333,0.013185030281632783,5297.2503789903285,3.383875029112607,183242.84514565763,57.86959234407054,96961.99992874375,10.384076361378101,36.48752033731998,0.022774277485317195,181.8100977877076,0.011169306352830205,0.3300160142828788,2.2126145128312296e-05,176.24105676851124,3.574094668223227,0.34130237083977155,0.007460190896018796,179.15093266144584,3.2686756141550823,0.335704492922097,0.007080869624500133,96961.63942652328,17.562507906237695,183243.3494623656,91.6304740050352,5297.3532258064515,7.634751059413217,36.50094255719866,0.06690367001126409,181.81818181818187,5.812095857272028e-14,180.43156452068888,5.781359713994134,177.4596719543177,8.178273856011417,0.33,0.0,0.33292051539917544,0.012482257472623373,0.33885412499192175,0.01735712573891176,1,1
